445210.65625,3945880.75,135.16,-52
445210.65625,3945880.75,135.16,-52
445210.71875,3945880.75,135.28,-33
445210.71875,3945880.75,135.28,-33
445210.78125,3945880.75,135.39,-35
445210.78125,3945880.75,135.39,-35
445210.84375,3945880.75,135.54,-40
445210.84375,3945880.75,135.54,-40
445210.96875,3945880.5,135.75,-41
445210.96875,3945880.5,135.75,-41
445210.96875,3945880.5,135.75,-30
445210.96875,3945880.5,135.75,-24
445210.96875,3945880.5,135.75,-18
445210.96875,3945880.5,135.75,-7
445210.96875,3945880.5,135.75,-5
445212.5625,3945878.75,136.10,-5
445212.5625,3945878.75,136.10,-5
445212.96875,3945878.5,136.15,-2
445212.96875,3945878.5,136.15,-2
445213.40625,3945878.0,136.11,4
445213.40625,3945878.0,136.11,4
445213.9375,3945877.25,136.01,3
445213.9375,3945877.25,136.01,3
445214.46875,3945876.75,135.98,0
445214.46875,3945876.75,135.98,0
445215.1875,3945876.0,135.99,0
445215.1875,3945876.0,135.99,0
445215.84375,3945875.25,135.98,2
445215.84375,3945875.25,135.98,2
445216.5625,3945874.5,135.88,6
445216.5625,3945874.5,135.88,6
445217.3125,3945873.75,135.69,6
445217.3125,3945873.75,135.69,6
445218.125,3945872.75,135.48,8
445218.125,3945872.75,135.48,8
445218.90625,3945871.5,135.78,8
445218.90625,3945871.5,135.78,8
445219.8125,3945870.75,135.53,7
445219.8125,3945870.75,135.53,7
445220.71875,3945869.75,135.39,0
445220.71875,3945869.75,135.39,0
445221.71875,3945868.75,135.42,0
445221.71875,3945868.75,135.42,0
445222.71875,3945867.75,135.37,1
445222.71875,3945867.75,135.37,1
445223.6875,3945866.25,135.97,0
445223.6875,3945866.25,135.97,0
445224.75,3945865.25,135.96,0
445224.75,3945865.25,135.96,0
445229.125,3945860.25,136.34,1
445229.125,3945860.25,136.34,1
445230.28125,3945859.0,136.33,0
445230.28125,3945859.0,136.33,0
445231.46875,3945857.75,136.35,0
445231.46875,3945857.75,136.35,0
445232.6875,3945856.5,136.33,0
445232.6875,3945856.5,136.33,0
445233.875,3945855.25,136.34,0
445233.875,3945855.25,136.34,0
445235.0,3945853.75,136.76,0
445235.0,3945853.75,136.76,0
445236.25,3945852.5,136.80,0
445236.25,3945852.5,136.80,0
445236.25,3945852.5,136.80,-1
445236.25,3945852.5,136.80,-2
445240.125,3945848.25,136.99,-1
445240.125,3945848.25,136.99,-1
445241.3125,3945846.75,137.26,-2
445241.3125,3945846.75,137.26,-2
445242.625,3945845.5,137.33,-2
445242.625,3945845.5,137.33,-2
445243.96875,3945844.0,137.40,-1
445243.96875,3945844.0,137.40,-1
445245.3125,3945842.5,137.46,-1
445245.3125,3945842.5,137.46,-1
445246.65625,3945841.0,137.52,-1
445246.65625,3945841.0,137.52,-1
445247.96875,3945839.5,137.66,0
445247.96875,3945839.5,137.66,0
445249.34375,3945838.0,137.67,0
445249.34375,3945838.0,137.67,0
445250.71875,3945836.5,137.63,0
445250.71875,3945836.5,137.63,0
445252.09375,3945834.75,137.61,0
445252.09375,3945834.75,137.61,0
445253.46875,3945833.25,137.59,0
445253.46875,3945833.25,137.59,0
445254.84375,3945831.75,137.64,0
445254.84375,3945831.75,137.64,0
445256.21875,3945830.25,137.62,0
445256.21875,3945830.25,137.62,0
445257.625,3945828.75,137.61,0
445257.625,3945828.75,137.61,0
445259.0,3945827.0,137.64,0
445259.0,3945827.0,137.64,0
445260.40625,3945825.5,137.66,0
445260.40625,3945825.5,137.66,0
445260.40625,3945825.5,137.66,0
445263.125,3945822.5,137.62,2
445263.125,3945822.5,137.62,2
445264.53125,3945821.0,137.49,2
445264.53125,3945821.0,137.49,2
445265.9375,3945819.5,137.36,1
445265.9375,3945819.5,137.36,1
445267.34375,3945817.75,137.30,0
445267.34375,3945817.75,137.30,0
445268.71875,3945816.25,137.28,0
445268.71875,3945816.25,137.28,0
445270.125,3945814.75,137.25,0
445270.125,3945814.75,137.25,0
445271.5625,3945813.25,137.22,0
445271.5625,3945813.25,137.22,0
445272.96875,3945811.75,137.18,0
445272.96875,3945811.75,137.18,0
445274.40625,3945810.25,137.15,0
445274.40625,3945810.25,137.15,0
445275.78125,3945808.75,137.17,0
445275.78125,3945808.75,137.17,0
445277.1875,3945807.0,137.16,0
445277.1875,3945807.0,137.16,0
445278.59375,3945805.5,137.16,0
445278.59375,3945805.5,137.16,0
445279.96875,3945804.0,137.14,0
445279.96875,3945804.0,137.14,0
445279.96875,3945804.0,137.14,0
445282.75,3945801.0,137.11,0
445282.75,3945801.0,137.11,0
445284.125,3945799.5,137.14,0
445284.125,3945799.5,137.14,0
445285.5,3945798.0,137.18,0
445285.5,3945798.0,137.18,0
445286.875,3945796.5,137.22,0
445286.875,3945796.5,137.22,0
445286.875,3945796.5,137.22,0
445289.65625,3945793.5,137.23,0
445289.65625,3945793.5,137.23,0
445291.03125,3945792.0,137.24,-1
445291.03125,3945792.0,137.24,-1
445292.4375,3945790.5,137.34,-2
445292.4375,3945790.5,137.34,-2
445293.84375,3945789.0,137.46,-2
445293.84375,3945789.0,137.46,-2
445295.21875,3945787.5,137.61,-2
445295.21875,3945787.5,137.61,-2
445295.21875,3945787.5,137.61,-1
445297.96875,3945784.25,137.74,0
445297.96875,3945784.25,137.74,0
445299.34375,3945782.75,137.75,0
445299.34375,3945782.75,137.75,0
445300.6875,3945781.25,137.73,0
445300.6875,3945781.25,137.73,0
445302.03125,3945779.75,137.70,0
445302.03125,3945779.75,137.70,0
445303.40625,3945778.25,137.69,0
445303.40625,3945778.25,137.69,0
445304.78125,3945776.75,137.66,0
445304.78125,3945776.75,137.66,0
445306.09375,3945775.25,137.65,0
445306.09375,3945775.25,137.65,0
445307.4375,3945773.75,137.65,0
445307.4375,3945773.75,137.65,0
445308.8125,3945772.25,137.73,-1
445308.8125,3945772.25,137.73,-1
445310.125,3945770.75,137.80,0
445310.125,3945770.75,137.80,0
445311.46875,3945769.25,137.82,0
445311.46875,3945769.25,137.82,0
445312.8125,3945768.0,137.85,0
445312.8125,3945768.0,137.85,0
445314.15625,3945766.25,137.86,0
445314.15625,3945766.25,137.86,0
445315.5,3945765.0,137.88,0
445315.5,3945765.0,137.88,0
445316.875,3945763.5,137.86,0
445316.875,3945763.5,137.86,0
445318.21875,3945761.75,137.88,0
445318.21875,3945761.75,137.88,0
445319.59375,3945760.25,137.93,0
445319.59375,3945760.25,137.93,0
445321.0,3945758.75,137.94,0
445321.0,3945758.75,137.94,0
445322.40625,3945757.25,137.95,0
445322.40625,3945757.25,137.95,0
445322.40625,3945757.25,137.95,0
445322.40625,3945757.25,137.95,0
445322.40625,3945757.25,137.95,2
445322.40625,3945757.25,137.95,3
445322.40625,3945757.25,137.95,1
445330.9375,3945747.75,137.53,1
445330.9375,3945747.75,137.53,1
445332.375,3945746.0,137.46,1
445332.375,3945746.0,137.46,1
445333.78125,3945744.5,137.42,0
445333.78125,3945744.5,137.42,0
445335.21875,3945743.0,137.45,0
445335.21875,3945743.0,137.45,0
445336.65625,3945741.5,137.45,0
445336.65625,3945741.5,137.45,0
445338.09375,3945739.75,137.47,0
445338.09375,3945739.75,137.47,0
445339.5,3945738.25,137.50,0
445339.5,3945738.25,137.50,0
445340.9375,3945736.75,137.51,0
445340.9375,3945736.75,137.51,0
445342.34375,3945735.0,137.53,1
445342.34375,3945735.0,137.53,1
445343.71875,3945733.5,137.45,1
445343.71875,3945733.5,137.45,1
445345.125,3945732.0,137.34,0
445345.125,3945732.0,137.34,0
445346.53125,3945730.5,137.31,0
445346.53125,3945730.5,137.31,0
445347.90625,3945729.0,137.30,0
445347.90625,3945729.0,137.30,0
445349.3125,3945727.5,137.28,0
445349.3125,3945727.5,137.28,0
445349.3125,3945727.5,137.28,0
445349.3125,3945727.5,137.28,0
445349.3125,3945727.5,137.28,0
445349.3125,3945727.5,137.28,-1
445349.3125,3945727.5,137.28,-1
445349.3125,3945727.5,137.28,0
445358.875,3945717.0,137.54,0
445358.875,3945717.0,137.54,0
445360.25,3945715.5,137.53,0
445360.25,3945715.5,137.53,0
445361.625,3945714.0,137.51,0
445361.625,3945714.0,137.51,0
445362.96875,3945712.5,137.49,0
445362.96875,3945712.5,137.49,0
445364.34375,3945711.0,137.47,0
445364.34375,3945711.0,137.47,0
445365.71875,3945709.5,137.44,0
445365.71875,3945709.5,137.44,0
445367.125,3945708.0,137.43,0
445367.125,3945708.0,137.43,0
445368.5,3945706.5,137.41,0
445368.5,3945706.5,137.41,0
445369.875,3945704.75,137.38,0
445369.875,3945704.75,137.38,0
445371.25,3945703.25,137.38,0
445371.25,3945703.25,137.38,0
445372.625,3945701.75,137.37,0
445372.625,3945701.75,137.37,0
445374.03125,3945700.25,137.44,-1
445374.03125,3945700.25,137.44,-1
445375.40625,3945698.75,137.50,-1
445375.40625,3945698.75,137.50,-1
445376.75,3945697.25,137.59,-2
445376.75,3945697.25,137.59,-2
445378.125,3945695.75,137.73,-2
445378.125,3945695.75,137.73,-2
445379.5,3945694.25,137.84,-2
445379.5,3945694.25,137.84,-2
445380.875,3945692.75,137.94,-1
445380.875,3945692.75,137.94,-1
445382.21875,3945691.25,137.95,0
445382.21875,3945691.25,137.95,0
445383.5625,3945689.75,137.96,0
445383.5625,3945689.75,137.96,0
445384.90625,3945688.25,137.97,0
445384.90625,3945688.25,137.97,0
445386.28125,3945686.75,137.90,1
445386.28125,3945686.75,137.90,1
445387.625,3945685.25,137.83,1
445387.625,3945685.25,137.83,1
445389.0,3945683.75,137.77,0
445389.0,3945683.75,137.77,0
445390.34375,3945682.25,137.75,0
445390.34375,3945682.25,137.75,0
445390.34375,3945682.25,137.75,0
445390.34375,3945682.25,137.75,0
445390.34375,3945682.25,137.75,0
445390.34375,3945682.25,137.75,0
445390.34375,3945682.25,137.75,0
445390.34375,3945682.25,137.75,0
445399.84375,3945671.5,137.71,0
445399.84375,3945671.5,137.71,0
445401.1875,3945670.0,137.70,0
445401.1875,3945670.0,137.70,0
445402.5625,3945668.5,137.68,1
445402.5625,3945668.5,137.68,1
445403.90625,3945667.0,137.60,1
445403.90625,3945667.0,137.60,1
445403.90625,3945667.0,137.60,1
445406.65625,3945664.0,137.41,1
445406.65625,3945664.0,137.41,1
445408.0625,3945662.5,137.34,1
445408.0625,3945662.5,137.34,1
445409.46875,3945661.0,137.31,0
445409.46875,3945661.0,137.31,0
445410.84375,3945659.5,137.32,0
445410.84375,3945659.5,137.32,0
445412.25,3945658.0,137.35,0
445412.25,3945658.0,137.35,0
445413.6875,3945656.25,137.37,0
445413.6875,3945656.25,137.37,0
445415.09375,3945654.75,137.40,0
445415.09375,3945654.75,137.40,0
445416.5,3945653.25,137.40,0
445416.5,3945653.25,137.40,0
445417.90625,3945651.75,137.36,0
445417.90625,3945651.75,137.36,0
445419.3125,3945650.25,137.33,0
445419.3125,3945650.25,137.33,0
445420.71875,3945648.5,137.32,0
445420.71875,3945648.5,137.32,0
445422.15625,3945647.0,137.31,0
445422.15625,3945647.0,137.31,0
445422.15625,3945647.0,137.31,0
445424.96875,3945644.0,137.38,0
445424.96875,3945644.0,137.38,0
445426.375,3945642.5,137.43,0
445426.375,3945642.5,137.43,0
445427.78125,3945640.75,137.43,-1
445427.78125,3945640.75,137.43,-1
445429.1875,3945639.25,137.46,-1
445429.1875,3945639.25,137.46,-1
445430.59375,3945637.75,137.52,-1
445430.59375,3945637.75,137.52,-1
445432.0,3945636.25,137.58,-1
445432.0,3945636.25,137.58,-1
445433.40625,3945634.75,137.62,0
445433.40625,3945634.75,137.62,0
445434.84375,3945633.0,137.60,0
445434.84375,3945633.0,137.60,0
445436.25,3945631.5,137.56,0
445436.25,3945631.5,137.56,0
445437.65625,3945630.0,137.56,0
445437.65625,3945630.0,137.56,0
445439.0625,3945628.5,137.59,0
445439.0625,3945628.5,137.59,0
445440.46875,3945626.75,137.64,0
445440.46875,3945626.75,137.64,0
445441.875,3945625.25,137.60,0
445441.875,3945625.25,137.60,0
445443.28125,3945623.75,137.56,0
445443.28125,3945623.75,137.56,0
445444.6875,3945622.25,137.55,-1
445444.6875,3945622.25,137.55,-1
445446.09375,3945620.5,137.63,-2
445446.09375,3945620.5,137.63,-2
445447.53125,3945619.0,137.71,-2
445447.53125,3945619.0,137.71,-2
445448.9375,3945617.5,137.84,-2
445448.9375,3945617.5,137.84,-2
445450.34375,3945616.0,137.91,0
445450.34375,3945616.0,137.91,0
445451.75,3945614.25,137.86,0
445451.75,3945614.25,137.86,0
445453.1875,3945612.75,137.81,0
445453.1875,3945612.75,137.81,0
445454.625,3945611.25,137.76,0
445454.625,3945611.25,137.76,0
445456.0,3945609.5,137.73,0
445456.0,3945609.5,137.73,0
445457.4375,3945608.0,137.73,0
445457.4375,3945608.0,137.73,0
445458.84375,3945606.5,137.71,0
445458.84375,3945606.5,137.71,0
445458.84375,3945606.5,137.71,0
445461.6875,3945603.25,137.72,0
445461.6875,3945603.25,137.72,0
445461.6875,3945603.25,137.72,0
445464.5625,3945600.0,137.60,0
445464.5625,3945600.0,137.60,0
445466.0,3945598.5,137.55,0
445466.0,3945598.5,137.55,0
445466.0,3945598.5,137.55,0
445468.875,3945595.25,137.46,0
445468.875,3945595.25,137.46,0
445470.28125,3945593.75,137.41,0
445470.28125,3945593.75,137.41,0
445471.71875,3945592.25,137.44,0
445471.71875,3945592.25,137.44,0
445473.125,3945590.75,137.48,0
445473.125,3945590.75,137.48,0
445474.53125,3945589.0,137.54,0
445474.53125,3945589.0,137.54,0
445475.9375,3945587.5,137.58,0
445475.9375,3945587.5,137.58,0
445477.34375,3945586.0,137.55,0
445477.34375,3945586.0,137.55,0
445478.71875,3945584.5,137.57,0
445478.71875,3945584.5,137.57,0
445480.125,3945583.0,137.61,0
445480.125,3945583.0,137.61,0
445480.125,3945583.0,137.61,1
445482.90625,3945579.75,137.47,1
445482.90625,3945579.75,137.47,1
445484.25,3945578.5,137.39,1
445484.25,3945578.5,137.39,1
445484.25,3945578.5,137.39,0
445484.25,3945578.5,137.39,0
445488.40625,3945573.75,137.37,-2
445488.40625,3945573.75,137.37,-2
445489.78125,3945572.25,137.47,-1
445489.78125,3945572.25,137.47,-1
445489.78125,3945572.25,137.47,-1
445492.53125,3945569.25,137.64,-1
445492.53125,3945569.25,137.64,-1
445493.90625,3945567.75,137.73,-1
445493.90625,3945567.75,137.73,-1
445495.28125,3945566.25,137.80,0
445495.28125,3945566.25,137.80,0
445495.28125,3945566.25,137.80,0
445498.0,3945563.25,137.74,0
445498.0,3945563.25,137.74,0
445499.375,3945561.75,137.71,0
445499.375,3945561.75,137.71,0
445500.75,3945560.25,137.67,0
445500.75,3945560.25,137.67,0
445502.09375,3945558.75,137.67,0
445502.09375,3945558.75,137.67,0
445503.46875,3945557.0,137.70,0
445503.46875,3945557.0,137.70,0
445504.84375,3945555.5,137.69,0
445504.84375,3945555.5,137.69,0
445506.21875,3945554.0,137.70,0
445506.21875,3945554.0,137.70,0
445507.5625,3945552.5,137.65,1
445507.5625,3945552.5,137.65,1
445508.9375,3945551.0,137.60,0
445508.9375,3945551.0,137.60,0
445510.34375,3945549.5,137.64,0
445510.34375,3945549.5,137.64,0
445511.71875,3945548.0,137.69,0
445511.71875,3945548.0,137.69,0
445513.09375,3945546.5,137.74,0
445513.09375,3945546.5,137.74,0
445514.46875,3945545.0,137.78,0
445514.46875,3945545.0,137.78,0
445514.46875,3945545.0,137.78,0
445517.25,3945541.75,137.86,0
445517.25,3945541.75,137.86,0
445518.59375,3945540.25,137.84,0
445518.59375,3945540.25,137.84,0
445519.96875,3945538.75,137.86,0
445519.96875,3945538.75,137.86,0
445521.34375,3945537.25,137.84,0
445521.34375,3945537.25,137.84,0
445522.71875,3945535.75,137.81,0
445522.71875,3945535.75,137.81,0
445524.09375,3945534.25,137.78,0
445524.09375,3945534.25,137.78,0
445525.46875,3945532.5,137.76,0
445525.46875,3945532.5,137.76,0
445526.875,3945531.0,137.75,0
445526.875,3945531.0,137.75,0
445528.25,3945529.5,137.74,0
445528.25,3945529.5,137.74,0
445529.625,3945528.0,137.72,0
445529.625,3945528.0,137.72,0
445531.03125,3945526.5,137.72,0
445531.03125,3945526.5,137.72,0
445532.46875,3945525.0,137.68,0
445532.46875,3945525.0,137.68,0
445533.875,3945523.25,137.70,0
445533.875,3945523.25,137.70,0
445535.28125,3945521.75,137.72,0
445535.28125,3945521.75,137.72,0
445536.6875,3945520.25,137.73,0
445536.6875,3945520.25,137.73,0
445538.09375,3945518.5,137.75,0
445538.09375,3945518.5,137.75,0
445539.5,3945517.0,137.77,0
445539.5,3945517.0,137.77,0
445540.90625,3945515.5,137.75,0
445540.90625,3945515.5,137.75,0
445542.34375,3945514.0,137.72,0
445542.34375,3945514.0,137.72,0
445542.34375,3945514.0,137.72,0
445545.1875,3945510.75,137.57,0
445545.1875,3945510.75,137.57,0
445546.625,3945509.25,137.53,0
445546.625,3945509.25,137.53,0
445548.03125,3945507.75,137.53,0
445548.03125,3945507.75,137.53,0
445549.4375,3945506.0,137.53,0
445549.4375,3945506.0,137.53,0
445550.84375,3945504.5,137.54,0
445550.84375,3945504.5,137.54,0
445552.28125,3945503.0,137.55,0
445552.28125,3945503.0,137.55,0
445552.28125,3945503.0,137.55,0
445555.125,3945499.75,137.52,0
445555.125,3945499.75,137.52,0
445556.5625,3945498.25,137.54,0
445556.5625,3945498.25,137.54,0
445558.0,3945496.5,137.48,1
445558.0,3945496.5,137.48,1
445559.4375,3945495.0,137.33,2
445559.4375,3945495.0,137.33,2
445560.90625,3945493.5,137.21,1
445560.90625,3945493.5,137.21,1
445562.375,3945491.75,137.15,0
445562.375,3945491.75,137.15,0
445563.8125,3945490.25,137.16,0
445563.8125,3945490.25,137.16,0
445565.28125,3945488.75,137.15,0
445565.28125,3945488.75,137.15,0
445566.75,3945487.0,137.18,-1
445566.75,3945487.0,137.18,-1
445568.25,3945485.5,137.30,-1
445568.25,3945485.5,137.30,-1
445569.71875,3945483.75,137.40,-1
445569.71875,3945483.75,137.40,-1
445571.1875,3945482.25,137.45,0
445571.1875,3945482.25,137.45,0
445572.65625,3945480.5,137.47,0
445572.65625,3945480.5,137.47,0
445574.15625,3945479.0,137.48,0
445574.15625,3945479.0,137.48,0
445575.625,3945477.25,137.48,0
445575.625,3945477.25,137.48,0
445577.09375,3945475.75,137.49,0
445577.09375,3945475.75,137.49,0
445577.09375,3945475.75,137.49,0
445577.09375,3945475.75,137.49,0
445577.09375,3945475.75,137.49,0
445577.09375,3945475.75,137.49,0
445577.09375,3945475.75,137.49,0
445585.9375,3945466.0,137.50,0
445585.9375,3945466.0,137.50,0
445587.375,3945464.25,137.52,0
445587.375,3945464.25,137.52,0
445588.84375,3945462.75,137.52,0
445588.84375,3945462.75,137.52,0
445590.3125,3945461.0,137.52,0
445590.3125,3945461.0,137.52,0
445591.75,3945459.5,137.51,0
445591.75,3945459.5,137.51,0
445593.21875,3945458.0,137.49,0
445593.21875,3945458.0,137.49,0
445594.65625,3945456.25,137.50,0
445594.65625,3945456.25,137.50,0
445596.09375,3945454.75,137.54,0
445596.09375,3945454.75,137.54,0
445597.53125,3945453.25,137.50,1
445597.53125,3945453.25,137.50,1
445599.0,3945451.5,137.41,1
445599.0,3945451.5,137.41,1
445599.0,3945451.5,137.41,0
445599.0,3945451.5,137.41,0
445603.375,3945446.75,137.36,0
445603.375,3945446.75,137.36,0
445604.78125,3945445.25,137.43,0
445604.78125,3945445.25,137.43,0
445606.25,3945443.5,137.45,0
445606.25,3945443.5,137.45,0
445607.6875,3945442.0,137.45,0
445607.6875,3945442.0,137.45,0
445609.09375,3945440.5,137.43,0
445609.09375,3945440.5,137.43,0
445610.53125,3945438.75,137.42,0
445610.53125,3945438.75,137.42,0
445612.0,3945437.25,137.39,0
445612.0,3945437.25,137.39,0
445613.40625,3945435.75,137.34,0
445613.40625,3945435.75,137.34,0
445614.84375,3945434.0,137.30,0
445614.84375,3945434.0,137.30,0
445616.28125,3945432.5,137.27,0
445616.28125,3945432.5,137.27,0
445617.71875,3945431.0,137.34,-2
445617.71875,3945431.0,137.34,-2
445617.71875,3945431.0,137.34,-2
445620.59375,3945427.75,137.57,-2
445620.59375,3945427.75,137.57,-2
445622.03125,3945426.25,137.71,-2
445622.03125,3945426.25,137.71,-2
445623.46875,3945424.5,137.86,-2
445623.46875,3945424.5,137.86,-2
445624.875,3945423.0,137.98,0
445624.875,3945423.0,137.98,0
445626.3125,3945421.5,137.94,0
445626.3125,3945421.5,137.94,0
445627.75,3945419.75,137.90,0
445627.75,3945419.75,137.90,0
445629.1875,3945418.25,137.86,0
445629.1875,3945418.25,137.86,0
445630.625,3945416.5,137.81,0
445630.625,3945416.5,137.81,0
445632.03125,3945415.0,137.77,0
445632.03125,3945415.0,137.77,0
445633.46875,3945413.5,137.71,0
445633.46875,3945413.5,137.71,0
445634.90625,3945411.75,137.68,0
445634.90625,3945411.75,137.68,0
445634.90625,3945411.75,137.68,0
445637.78125,3945408.75,137.67,0
445637.78125,3945408.75,137.67,0
445639.21875,3945407.0,137.66,0
445639.21875,3945407.0,137.66,0
445639.21875,3945407.0,137.66,0
445642.0625,3945404.0,137.67,0
445642.0625,3945404.0,137.67,0
445643.5,3945402.25,137.64,0
445643.5,3945402.25,137.64,0
445644.9375,3945400.75,137.60,0
445644.9375,3945400.75,137.60,0
445646.34375,3945399.25,137.59,0
445646.34375,3945399.25,137.59,0
445647.84375,3945397.5,137.59,0
445647.84375,3945397.5,137.59,0
445649.28125,3945396.0,137.56,0
445649.28125,3945396.0,137.56,0
445650.71875,3945394.25,137.55,0
445650.71875,3945394.25,137.55,0
445650.71875,3945394.25,137.55,0
445653.5625,3945391.25,137.57,0
445653.5625,3945391.25,137.57,0
445655.03125,3945389.5,137.59,0
445655.03125,3945389.5,137.59,0
445656.4375,3945388.0,137.61,0
445656.4375,3945388.0,137.61,0
445657.84375,3945386.5,137.62,0
445657.84375,3945386.5,137.62,0
445659.28125,3945384.75,137.64,0
445659.28125,3945384.75,137.64,0
445660.6875,3945383.25,137.64,0
445660.6875,3945383.25,137.64,0
445662.15625,3945381.75,137.66,0
445662.15625,3945381.75,137.66,0
445663.59375,3945380.0,137.67,0
445663.59375,3945380.0,137.67,0
445665.0,3945378.5,137.68,0
445665.0,3945378.5,137.68,0
445666.4375,3945377.0,137.69,0
445666.4375,3945377.0,137.69,0
445667.875,3945375.25,137.69,0
445667.875,3945375.25,137.69,0
445669.34375,3945373.75,137.64,0
445669.34375,3945373.75,137.64,0
445670.78125,3945372.0,137.65,0
445670.78125,3945372.0,137.65,0
445672.21875,3945370.5,137.64,0
445672.21875,3945370.5,137.64,0
445673.6875,3945369.0,137.65,0
445673.6875,3945369.0,137.65,0
445675.125,3945367.25,137.65,0
445675.125,3945367.25,137.65,0
445676.625,3945365.75,137.65,0
445676.625,3945365.75,137.65,0
445678.0625,3945364.0,137.67,0
445678.0625,3945364.0,137.67,0
445679.53125,3945362.5,137.68,0
445679.53125,3945362.5,137.68,0
445680.96875,3945360.75,137.67,0
445680.96875,3945360.75,137.67,0
445682.4375,3945359.25,137.67,0
445682.4375,3945359.25,137.67,0
445683.90625,3945357.5,137.64,0
445683.90625,3945357.5,137.64,0
445685.375,3945356.0,137.63,0
445685.375,3945356.0,137.63,0
445686.84375,3945354.25,137.61,0
445686.84375,3945354.25,137.61,0
445688.3125,3945352.75,137.62,0
445688.3125,3945352.75,137.62,0
445689.8125,3945351.0,137.62,0
445689.8125,3945351.0,137.62,0
445691.3125,3945349.25,137.61,0
445691.3125,3945349.25,137.61,0
445692.8125,3945347.75,137.61,0
445692.8125,3945347.75,137.61,0
445694.28125,3945346.0,137.62,0
445694.28125,3945346.0,137.62,0
445695.75,3945344.5,137.62,0
445695.75,3945344.5,137.62,0
445697.25,3945342.75,137.62,0
445697.25,3945342.75,137.62,0
445698.75,3945341.25,137.60,0
445698.75,3945341.25,137.60,0
445700.25,3945339.5,137.58,0
445700.25,3945339.5,137.58,0
445701.75,3945337.75,137.56,0
445701.75,3945337.75,137.56,0
445703.25,3945336.25,137.56,0
445703.25,3945336.25,137.56,0
445704.75,3945334.5,137.56,0
445704.75,3945334.5,137.56,0
445706.25,3945332.75,137.55,0
445706.25,3945332.75,137.55,0
445707.75,3945331.25,137.55,0
445707.75,3945331.25,137.55,0
445709.25,3945329.5,137.57,0
445709.25,3945329.5,137.57,0
445710.71875,3945328.0,137.56,0
445710.71875,3945328.0,137.56,0
445712.21875,3945326.25,137.56,0
445712.21875,3945326.25,137.56,0
445713.6875,3945324.5,137.55,0
445713.6875,3945324.5,137.55,0
445715.1875,3945323.0,137.56,0
445715.1875,3945323.0,137.56,0
445716.65625,3945321.25,137.55,0
445716.65625,3945321.25,137.55,0
445718.125,3945319.75,137.55,0
445718.125,3945319.75,137.55,0
445719.625,3945318.0,137.53,0
445719.625,3945318.0,137.53,0
445721.09375,3945316.5,137.51,0
445721.09375,3945316.5,137.51,0
445722.5625,3945314.75,137.51,0
445722.5625,3945314.75,137.51,0
445724.0625,3945313.25,137.53,0
445724.0625,3945313.25,137.53,0
445725.5625,3945311.5,137.53,0
445725.5625,3945311.5,137.53,0
445727.03125,3945310.0,137.54,0
445727.03125,3945310.0,137.54,0
445728.53125,3945308.25,137.55,0
445728.53125,3945308.25,137.55,0
445730.03125,3945306.5,137.54,0
445730.03125,3945306.5,137.54,0
445731.53125,3945305.0,137.54,0
445731.53125,3945305.0,137.54,0
445733.03125,3945303.25,137.52,0
445733.03125,3945303.25,137.52,0
445734.53125,3945301.75,137.53,0
445734.53125,3945301.75,137.53,0
445736.0,3945300.0,137.51,0
445736.0,3945300.0,137.51,0
445737.5,3945298.25,137.52,0
445737.5,3945298.25,137.52,0
445738.96875,3945296.75,137.52,0
445738.96875,3945296.75,137.52,0
445740.4375,3945295.0,137.52,0
445740.4375,3945295.0,137.52,0
445741.90625,3945293.5,137.50,0
445741.90625,3945293.5,137.50,0
445743.40625,3945291.75,137.51,0
445743.40625,3945291.75,137.51,0
445744.875,3945290.25,137.50,0
445744.875,3945290.25,137.50,0
445746.375,3945288.5,137.49,0
445746.375,3945288.5,137.49,0
445747.875,3945287.0,137.49,0
445747.875,3945287.0,137.49,0
445749.34375,3945285.25,137.47,0
445749.34375,3945285.25,137.47,0
445750.84375,3945283.5,137.47,0
445750.84375,3945283.5,137.47,0
445752.34375,3945282.0,137.47,0
445752.34375,3945282.0,137.47,0
445753.84375,3945280.25,137.46,0
445753.84375,3945280.25,137.46,0
445755.34375,3945278.75,137.45,0
445755.34375,3945278.75,137.45,0
445756.875,3945277.0,137.46,0
445756.875,3945277.0,137.46,0
445758.375,3945275.25,137.50,-1
445758.375,3945275.25,137.50,-1
445759.875,3945273.75,137.55,0
445759.875,3945273.75,137.55,0
445761.375,3945272.0,137.57,0
445761.375,3945272.0,137.57,0
445762.875,3945270.25,137.58,0
445762.875,3945270.25,137.58,0
445764.375,3945268.75,137.56,0
445764.375,3945268.75,137.56,0
445765.90625,3945267.0,137.52,0
445765.90625,3945267.0,137.52,0
445767.4375,3945265.25,137.50,0
445767.4375,3945265.25,137.50,0
445768.9375,3945263.75,137.48,0
445768.9375,3945263.75,137.48,0
445770.4375,3945262.0,137.48,0
445770.4375,3945262.0,137.48,0
445771.96875,3945260.25,137.44,0
445771.96875,3945260.25,137.44,0
445771.96875,3945260.25,137.44,0
445774.96875,3945257.0,137.38,0
445774.96875,3945257.0,137.38,0
445776.4375,3945255.5,137.38,0
445776.4375,3945255.5,137.38,0
445776.4375,3945255.5,137.38,0
445779.40625,3945252.0,137.40,0
445779.40625,3945252.0,137.40,0
445780.9375,3945250.5,137.40,0
445780.9375,3945250.5,137.40,0
445782.40625,3945248.75,137.44,0
445782.40625,3945248.75,137.44,0
445783.90625,3945247.25,137.49,-1
445783.90625,3945247.25,137.49,-1
445785.375,3945245.5,137.54,0
445785.375,3945245.5,137.54,0
445786.84375,3945244.0,137.60,-1
445786.84375,3945244.0,137.60,-1
445788.3125,3945242.25,137.64,0
445788.3125,3945242.25,137.64,0
445789.78125,3945240.75,137.67,0
445789.78125,3945240.75,137.67,0
445791.25,3945239.0,137.70,0
445791.25,3945239.0,137.70,0
445792.6875,3945237.5,137.69,0
445792.6875,3945237.5,137.69,0
445794.15625,3945235.75,137.64,0
445794.15625,3945235.75,137.64,0
445795.59375,3945234.25,137.64,0
445795.59375,3945234.25,137.64,0
445797.0625,3945232.75,137.60,0
445797.0625,3945232.75,137.60,0
445798.5,3945231.0,137.59,0
445798.5,3945231.0,137.59,0
445799.9375,3945229.5,137.57,0
445799.9375,3945229.5,137.57,0
445801.40625,3945227.75,137.52,0
445801.40625,3945227.75,137.52,0
445802.875,3945226.25,137.48,0
445802.875,3945226.25,137.48,0
445804.3125,3945224.5,137.45,0
445804.3125,3945224.5,137.45,0
445805.75,3945223.0,137.45,0
445805.75,3945223.0,137.45,0
445807.1875,3945221.5,137.47,0
445807.1875,3945221.5,137.47,0
445808.65625,3945219.75,137.52,0
445808.65625,3945219.75,137.52,0
445810.09375,3945218.25,137.54,0
445810.09375,3945218.25,137.54,0
445811.53125,3945216.75,137.58,0
445811.53125,3945216.75,137.58,0
445812.96875,3945215.0,137.62,0
445812.96875,3945215.0,137.62,0
445814.40625,3945213.5,137.62,0
445814.40625,3945213.5,137.62,0
445815.8125,3945212.0,137.63,0
445815.8125,3945212.0,137.63,0
445817.21875,3945210.25,137.68,0
445817.21875,3945210.25,137.68,0
445818.65625,3945208.75,137.68,0
445818.65625,3945208.75,137.68,0
445820.09375,3945207.25,137.69,0
445820.09375,3945207.25,137.69,0
445821.53125,3945205.5,137.67,0
445821.53125,3945205.5,137.67,0
445822.96875,3945204.0,137.70,0
445822.96875,3945204.0,137.70,0
445824.40625,3945202.5,137.71,0
445824.40625,3945202.5,137.71,0
445825.84375,3945200.75,137.69,0
445825.84375,3945200.75,137.69,0
445827.25,3945199.25,137.64,0
445827.25,3945199.25,137.64,0
445828.6875,3945197.5,137.60,0
445828.6875,3945197.5,137.60,0
445830.09375,3945196.0,137.54,0
445830.09375,3945196.0,137.54,0
445831.5625,3945194.5,137.51,0
445831.5625,3945194.5,137.51,0
445833.0,3945193.0,137.47,0
445833.0,3945193.0,137.47,0
445834.40625,3945191.25,137.45,0
445834.40625,3945191.25,137.45,0
445835.84375,3945189.75,137.43,0
445835.84375,3945189.75,137.43,0
445837.28125,3945188.25,137.48,0
445837.28125,3945188.25,137.48,0
445838.6875,3945186.5,137.44,0
445838.6875,3945186.5,137.44,0
445840.09375,3945185.0,137.44,0
445840.09375,3945185.0,137.44,0
445841.5,3945183.5,137.46,0
445841.5,3945183.5,137.46,0
445842.90625,3945182.0,137.46,0
445842.90625,3945182.0,137.46,0
445844.3125,3945180.5,137.44,0
445844.3125,3945180.5,137.44,0
445845.75,3945178.75,137.45,0
445845.75,3945178.75,137.45,0
445847.15625,3945177.25,137.44,0
445847.15625,3945177.25,137.44,0
445848.59375,3945175.75,137.43,0
445848.59375,3945175.75,137.43,0
445850.0,3945174.25,137.42,0
445850.0,3945174.25,137.42,0
445851.40625,3945172.5,137.40,0
445851.40625,3945172.5,137.40,0
445852.84375,3945171.0,137.33,0
445852.84375,3945171.0,137.33,0
445854.28125,3945169.5,137.31,0
445854.28125,3945169.5,137.31,0
445855.71875,3945168.0,137.29,0
445855.71875,3945168.0,137.29,0
445857.125,3945166.25,137.29,-1
445857.125,3945166.25,137.29,-1
445858.53125,3945164.75,137.39,-1
445858.53125,3945164.75,137.39,-1
445859.96875,3945163.25,137.48,-2
445859.96875,3945163.25,137.48,-2
445861.375,3945161.75,137.59,-2
445861.375,3945161.75,137.59,-2
445862.78125,3945160.0,137.69,-1
445862.78125,3945160.0,137.69,-1
445864.21875,3945158.5,137.71,0
445864.21875,3945158.5,137.71,0
445865.59375,3945157.0,137.74,0
445865.59375,3945157.0,137.74,0
445867.0,3945155.5,137.78,0
445867.0,3945155.5,137.78,0
445868.375,3945154.0,137.80,0
445868.375,3945154.0,137.80,0
445869.78125,3945152.25,137.82,0
445869.78125,3945152.25,137.82,0
445871.1875,3945150.75,137.85,0
445871.1875,3945150.75,137.85,0
445872.59375,3945149.25,137.87,0
445872.59375,3945149.25,137.87,0
445874.0,3945147.5,137.89,0
445874.0,3945147.5,137.89,0
445875.40625,3945146.0,137.88,0
445875.40625,3945146.0,137.88,0
445876.8125,3945144.5,137.87,0
445876.8125,3945144.5,137.87,0
445878.21875,3945142.75,137.89,0
445878.21875,3945142.75,137.89,0
445879.625,3945141.25,137.89,0
445879.625,3945141.25,137.89,0
445881.0625,3945139.75,137.87,0
445881.0625,3945139.75,137.87,0
445882.46875,3945138.25,137.86,0
445882.46875,3945138.25,137.86,0
445883.875,3945136.5,137.87,0
445883.875,3945136.5,137.87,0
445885.28125,3945135.0,137.82,1
445885.28125,3945135.0,137.82,1
445886.6875,3945133.5,137.78,0
445886.6875,3945133.5,137.78,0
445888.09375,3945131.75,137.77,0
445888.09375,3945131.75,137.77,0
445889.53125,3945130.25,137.76,0
445889.53125,3945130.25,137.76,0
445890.96875,3945128.75,137.75,0
445890.96875,3945128.75,137.75,0
445892.40625,3945127.0,137.74,0
445892.40625,3945127.0,137.74,0
445893.84375,3945125.5,137.75,0
445893.84375,3945125.5,137.75,0
445895.28125,3945123.75,137.75,0
445895.28125,3945123.75,137.75,0
445896.71875,3945122.25,137.74,0
445896.71875,3945122.25,137.74,0
445898.15625,3945120.75,137.73,0
445898.15625,3945120.75,137.73,0
445899.625,3945119.0,137.72,0
445899.625,3945119.0,137.72,0
445901.0625,3945117.5,137.71,0
445901.0625,3945117.5,137.71,0
445902.53125,3945115.75,137.62,0
445902.53125,3945115.75,137.62,0
445903.96875,3945114.25,137.58,0
445903.96875,3945114.25,137.58,0
445905.4375,3945112.5,137.54,0
445905.4375,3945112.5,137.54,0
445906.90625,3945111.0,137.51,0
445906.90625,3945111.0,137.51,0
445908.34375,3945109.5,137.50,0
445908.34375,3945109.5,137.50,0
445909.8125,3945107.75,137.45,0
445909.8125,3945107.75,137.45,0
445911.28125,3945106.25,137.45,0
445911.28125,3945106.25,137.45,0
445912.71875,3945104.5,137.46,0
445912.71875,3945104.5,137.46,0
445914.1875,3945103.0,137.44,0
445914.1875,3945103.0,137.44,0
445915.65625,3945101.25,137.40,0
445915.65625,3945101.25,137.40,0
445917.0625,3945099.75,137.34,0
445917.0625,3945099.75,137.34,0
445918.53125,3945098.25,137.32,0
445918.53125,3945098.25,137.32,0
445919.96875,3945096.75,137.30,0
445919.96875,3945096.75,137.30,0
445921.40625,3945095.0,137.30,0
445921.40625,3945095.0,137.30,0
445922.84375,3945093.5,137.29,0
445922.84375,3945093.5,137.29,0
445924.28125,3945092.0,137.26,0
445924.28125,3945092.0,137.26,0
445925.6875,3945090.25,137.28,0
445925.6875,3945090.25,137.28,0
445927.125,3945088.75,137.27,0
445927.125,3945088.75,137.27,0
445928.53125,3945087.25,137.28,0
445928.53125,3945087.25,137.28,0
445930.0,3945085.75,137.28,0
445930.0,3945085.75,137.28,0
445931.4375,3945084.0,137.28,0
445931.4375,3945084.0,137.28,0
445932.875,3945082.5,137.32,0
445932.875,3945082.5,137.32,0
445934.34375,3945081.0,137.34,0
445934.34375,3945081.0,137.34,0
445934.34375,3945081.0,137.34,0
445937.21875,3945077.75,137.40,0
445937.21875,3945077.75,137.40,0
445938.65625,3945076.25,137.42,0
445938.65625,3945076.25,137.42,0
445940.09375,3945074.5,137.45,0
445940.09375,3945074.5,137.45,0
445941.5625,3945073.0,137.48,0
445941.5625,3945073.0,137.48,0
445943.0,3945071.25,137.51,0
445943.0,3945071.25,137.51,0
445944.46875,3945069.75,137.53,0
445944.46875,3945069.75,137.53,0
445945.90625,3945068.25,137.55,0
445945.90625,3945068.25,137.55,0
445945.90625,3945068.25,137.55,0
445948.8125,3945065.0,137.61,0
445948.8125,3945065.0,137.61,0
445948.8125,3945065.0,137.61,0
445951.71875,3945061.75,137.68,0
445951.71875,3945061.75,137.68,0
445953.15625,3945060.25,137.73,0
445953.15625,3945060.25,137.73,0
445953.15625,3945060.25,137.73,0
445956.03125,3945057.0,137.81,0
445956.03125,3945057.0,137.81,0
445957.46875,3945055.25,137.84,0
445957.46875,3945055.25,137.84,0
445957.46875,3945055.25,137.84,0
445960.3125,3945052.25,137.80,0
445960.3125,3945052.25,137.80,0
445961.75,3945050.5,137.74,0
445961.75,3945050.5,137.74,0
445963.15625,3945049.0,137.67,1
445963.15625,3945049.0,137.67,1
445964.625,3945047.25,137.61,1
445964.625,3945047.25,137.61,1
445964.625,3945047.25,137.61,1
445967.53125,3945044.25,137.44,1
445967.53125,3945044.25,137.44,1
445968.96875,3945042.5,137.35,1
445968.96875,3945042.5,137.35,1
445970.4375,3945041.0,137.26,1
445970.4375,3945041.0,137.26,1
445971.875,3945039.5,137.15,1
445971.875,3945039.5,137.15,1
445973.3125,3945037.75,137.10,0
445973.3125,3945037.75,137.10,0
445974.78125,3945036.25,137.08,0
445974.78125,3945036.25,137.08,0
445976.25,3945034.5,137.08,0
445976.25,3945034.5,137.08,0
445977.71875,3945033.0,137.08,0
445977.71875,3945033.0,137.08,0
445979.15625,3945031.5,137.11,0
445979.15625,3945031.5,137.11,0
445980.625,3945029.75,137.13,0
445980.625,3945029.75,137.13,0
445982.125,3945028.25,137.19,-1
445982.125,3945028.25,137.19,-1
445983.5625,3945026.75,137.28,-1
445983.5625,3945026.75,137.28,-1
445985.03125,3945025.0,137.36,-1
445985.03125,3945025.0,137.36,-1
445986.46875,3945023.5,137.45,-1
445986.46875,3945023.5,137.45,-1
445987.9375,3945021.75,137.52,-1
445987.9375,3945021.75,137.52,-1
445987.9375,3945021.75,137.52,-1
445990.78125,3945018.75,137.58,-1
445990.78125,3945018.75,137.58,-1
445992.21875,3945017.25,137.63,0
445992.21875,3945017.25,137.63,0
445993.625,3945015.5,137.67,-1
445993.625,3945015.5,137.67,-1
445995.09375,3945014.0,137.72,-1
445995.09375,3945014.0,137.72,-1
445996.5,3945012.25,137.78,0
445996.5,3945012.25,137.78,0
445997.9375,3945010.75,137.82,0
445997.9375,3945010.75,137.82,0
445999.34375,3945009.25,137.86,0
445999.34375,3945009.25,137.86,0
446000.78125,3945007.5,137.88,-1
446000.78125,3945007.5,137.88,-1
446002.1875,3945006.0,137.91,0
446002.1875,3945006.0,137.91,0
446003.625,3945004.5,137.98,0
446003.625,3945004.5,137.98,0
446005.0625,3945002.75,138.01,0
446005.0625,3945002.75,138.01,0
446006.46875,3945001.25,138.05,0
446006.46875,3945001.25,138.05,0
